model,mode,task,task_type,n_samples,auroc_mean,auroc_std,prauc_mean,prauc_std,f1_mean,f1_std,rmse_mean,rmse_std,mae_mean,mae_std,r2_mean,r2_std
mantis_zero_shot,representation_only,diabetes_risk,binary_classification,30,0.8483796296296297,0.14958988144361737,0.918310185185185,0.08860635497027271,0.7721560846560847,0.17207005637644027,,,,,,
mantis_zero_shot,representation_only,insulin_resistance,binary_classification,30,0.8770202020202021,0.13893227054355628,0.9506439393939392,0.07550249670523221,0.8671323625869082,0.1603007793980363,,,,,,
mantis_zero_shot,representation_only,hyperlipidemia,binary_classification,30,0.40990338164251205,0.2729542878729348,0.6252777777777778,0.2128982958598593,0.5075914423740511,0.2564815711710184,,,,,,
mantis_zero_shot,representation_only,obesity,binary_classification,30,0.46597222222222223,0.18363339991908775,0.626261574074074,0.15205356505480624,0.4511904761904762,0.18888722154792986,,,,,,
mantis_zero_shot,representation_only,hypoglycemia,binary_classification,30,0.8917824074074074,0.20821675622091304,0.9274305555555555,0.1560967612770132,0.7500992063492063,0.2515104401331459,,,,,,
mantis_zero_shot,representation_only,tir_non_adherence,binary_classification,30,1.0,0.0,1.0,0.0,1.0,0.0,,,,,,
mantis_zero_shot,representation_only,hba1c_pct,continuous_regression,30,,,,,,,0.6073414027333401,0.15656976869160164,0.5042654795391855,0.15107521292481502,0.5415535822377727,0.229857716085913
mantis_zero_shot,representation_only,homa_ir,continuous_regression,30,,,,,,,1.6280654583239305,0.3114801830149513,1.3816006879119396,0.28900557250334824,0.06223710065374179,0.9576499262481402
mantis_zero_shot,hybrid_with_cgm_features,diabetes_risk,binary_classification,30,0.8053240740740741,0.18923055405817327,0.8977199074074074,0.1113352189895003,0.7354166666666666,0.2082516610508446,,,,,,
mantis_zero_shot,hybrid_with_cgm_features,insulin_resistance,binary_classification,30,0.7779040404040405,0.2184857547369092,0.9035227272727272,0.10871405472887251,0.8076282303555032,0.1448019122482455,,,,,,
mantis_zero_shot,hybrid_with_cgm_features,hyperlipidemia,binary_classification,30,0.3304347826086957,0.22927146375736435,0.5700845410628019,0.19434245832630234,0.4289855072463769,0.2255653912352601,,,,,,
mantis_zero_shot,hybrid_with_cgm_features,obesity,binary_classification,30,0.5524305555555555,0.18962667816125783,0.6718402777777778,0.17778981825003257,0.4783730158730159,0.19663519275547386,,,,,,
mantis_zero_shot,hybrid_with_cgm_features,hypoglycemia,binary_classification,30,0.8099537037037038,0.20902188171004413,0.8665509259259259,0.16450220528737647,0.7203373015873016,0.22949958210269394,,,,,,
mantis_zero_shot,hybrid_with_cgm_features,tir_non_adherence,binary_classification,30,1.0,0.0,1.0,0.0,1.0,0.0,,,,,,
mantis_zero_shot,hybrid_with_cgm_features,hba1c_pct,continuous_regression,30,,,,,,,0.6139006687961787,0.1405444182001381,0.5268783108949519,0.1396038483924908,0.5081639798020017,0.26077088376669366
mantis_zero_shot,hybrid_with_cgm_features,homa_ir,continuous_regression,30,,,,,,,1.8183327571907717,0.3758765011328064,1.5348499991612388,0.36516394310477573,-0.08159265402847923,0.7966305419090676
mantis_cgm_finetuned,representation_only,diabetes_risk,binary_classification,30,0.8422453703703704,0.17794584642076341,0.9164004629629628,0.10076378452807046,0.7084325396825397,0.2298221874135272,,,,,,
mantis_cgm_finetuned,representation_only,insulin_resistance,binary_classification,30,0.8698232323232322,0.1589287392955216,0.9548863636363635,0.07428884023691955,0.8402925357470813,0.13407313813646798,,,,,,
mantis_cgm_finetuned,representation_only,hyperlipidemia,binary_classification,30,0.41859903381642505,0.24573036106262106,0.6255193236714977,0.21408362589212565,0.47888198757763967,0.2620546384146892,,,,,,
mantis_cgm_finetuned,representation_only,obesity,binary_classification,30,0.3673611111111111,0.22920629567567785,0.5676851851851852,0.19287532665525964,0.41785714285714287,0.22265936312651727,,,,,,
mantis_cgm_finetuned,representation_only,hypoglycemia,binary_classification,30,0.7954861111111112,0.2327950864520868,0.8427662037037037,0.19448866030288547,0.691765873015873,0.1826039127421087,,,,,,
mantis_cgm_finetuned,representation_only,tir_non_adherence,binary_classification,30,1.0,0.0,1.0,0.0,0.9882352941176471,0.04705882352941175,,,,,,
mantis_cgm_finetuned,representation_only,hba1c_pct,continuous_regression,30,,,,,,,0.6526770071917919,0.19788393380666247,0.5361558039757996,0.17787468116894592,0.4686303825799246,0.28829213364166867
mantis_cgm_finetuned,representation_only,homa_ir,continuous_regression,30,,,,,,,1.721909190639106,0.41039952224791587,1.4489357785084962,0.3591813566569809,-0.0030558282053213225,0.9769066308954847
mantis_cgm_finetuned,hybrid_with_cgm_features,diabetes_risk,binary_classification,30,0.7871527777777779,0.20987670987080345,0.8839351851851852,0.1244107682884322,0.7182208994708995,0.1423760047270124,,,,,,
mantis_cgm_finetuned,hybrid_with_cgm_features,insulin_resistance,binary_classification,30,0.8191919191919194,0.22601235820779064,0.9302146464646465,0.08941271363802977,0.8509904237176965,0.15301902935075898,,,,,,
mantis_cgm_finetuned,hybrid_with_cgm_features,hyperlipidemia,binary_classification,30,0.3269323671497585,0.2360627043055916,0.5738285024154589,0.2003029937244225,0.34247757073844026,0.25456988237321804,,,,,,
mantis_cgm_finetuned,hybrid_with_cgm_features,obesity,binary_classification,30,0.45601851851851855,0.22967489473216962,0.5962037037037037,0.20037668145739734,0.435813492063492,0.20145385123959356,,,,,,
mantis_cgm_finetuned,hybrid_with_cgm_features,hypoglycemia,binary_classification,30,0.7706018518518518,0.2639825816454724,0.8377314814814815,0.20707904314473585,0.6280753968253968,0.2474701734689248,,,,,,
mantis_cgm_finetuned,hybrid_with_cgm_features,tir_non_adherence,binary_classification,30,1.0,0.0,1.0,0.0,1.0,0.0,,,,,,
mantis_cgm_finetuned,hybrid_with_cgm_features,hba1c_pct,continuous_regression,30,,,,,,,0.6773817764767904,0.16866667605191452,0.5669660014307807,0.15991533686311177,0.3823718245456745,0.3745115654143964
mantis_cgm_finetuned,hybrid_with_cgm_features,homa_ir,continuous_regression,30,,,,,,,1.8865768639866751,0.49256913265041125,1.5515040677888225,0.4487750089807589,-0.18589703356080498,1.0490391994155193
cgm_fm_dual_hybrid,representation_only,diabetes_risk,binary_classification,30,0.7916666666666666,0.22425574208943302,0.9004976851851851,0.09054831185406526,0.5558531746031746,0.2393804392452476,,,,,,
cgm_fm_dual_hybrid,representation_only,insulin_resistance,binary_classification,30,0.890530303030303,0.14789644332494462,0.9543055555555554,0.0614626453717563,0.6937950937950937,0.1678699155544969,,,,,,
cgm_fm_dual_hybrid,representation_only,hyperlipidemia,binary_classification,30,0.4469806763285024,0.26318545074493627,0.653586956521739,0.21027925214454943,0.3204968944099379,0.25191149267782537,,,,,,
cgm_fm_dual_hybrid,representation_only,obesity,binary_classification,30,0.5143518518518518,0.30124022048683585,0.6337731481481482,0.21728468536697987,0.5356150793650793,0.20155934904158382,,,,,,
cgm_fm_dual_hybrid,representation_only,hypoglycemia,binary_classification,30,0.6908564814814815,0.2984780917837402,0.779525462962963,0.24558820011932883,0.6206349206349207,0.29289155387802046,,,,,,
cgm_fm_dual_hybrid,representation_only,tir_non_adherence,binary_classification,30,1.0,0.0,1.0,0.0,1.0,0.0,,,,,,
cgm_fm_dual_hybrid,representation_only,hba1c_pct,continuous_regression,30,,,,,,,0.6624613818048327,0.14704546027059043,0.5705731895945384,0.1372744949569701,0.48080537456613665,0.1860557118539363
cgm_fm_dual_hybrid,representation_only,homa_ir,continuous_regression,30,,,,,,,1.9061773060000946,0.45342529676745247,1.6080392413036164,0.504179666982694,-0.08119756441057106,0.5432223746517251
cgm_fm_dual_hybrid,hybrid_with_cgm_features,diabetes_risk,binary_classification,30,0.7292824074074075,0.23887271043228464,0.8642824074074075,0.124467433306368,0.6251984126984127,0.24097555086018763,,,,,,
cgm_fm_dual_hybrid,hybrid_with_cgm_features,insulin_resistance,binary_classification,30,0.7433080808080809,0.25119196636015495,0.8928030303030301,0.10604504756012598,0.7213728191000919,0.1613945433988257,,,,,,
cgm_fm_dual_hybrid,hybrid_with_cgm_features,hyperlipidemia,binary_classification,30,0.29396135265700485,0.25827508586220427,0.586268115942029,0.2172191615807792,0.20434782608695648,0.20860381988229007,,,,,,
cgm_fm_dual_hybrid,hybrid_with_cgm_features,obesity,binary_classification,30,0.6608796296296297,0.2322933678820873,0.7454513888888888,0.1929441260571671,0.6261574074074074,0.21105472244474216,,,,,,
cgm_fm_dual_hybrid,hybrid_with_cgm_features,hypoglycemia,binary_classification,30,0.8274305555555556,0.21120903019693166,0.8958449074074073,0.12681946090157423,0.7115079365079365,0.21686680389677235,,,,,,
cgm_fm_dual_hybrid,hybrid_with_cgm_features,tir_non_adherence,binary_classification,30,1.0,0.0,1.0,0.0,1.0,0.0,,,,,,
cgm_fm_dual_hybrid,hybrid_with_cgm_features,hba1c_pct,continuous_regression,30,,,,,,,0.6448811477856108,0.17250232591067288,0.5467033703041063,0.16597595147028507,0.42170617755154277,0.4417506855752623
cgm_fm_dual_hybrid,hybrid_with_cgm_features,homa_ir,continuous_regression,30,,,,,,,2.261433787888977,0.6265852784117326,1.910978635587294,0.5359482238479905,-0.6290789981531656,1.0526433197760856
cgm_fm_plain_mcr,representation_only,diabetes_risk,binary_classification,30,0.8020833333333334,0.22206772696653218,0.906574074074074,0.08875542159680043,0.6500992063492064,0.25871568439281767,,,,,,
cgm_fm_plain_mcr,representation_only,insulin_resistance,binary_classification,30,0.8650252525252525,0.1519044346777535,0.9441540404040403,0.05902318623097056,0.7333694083694084,0.1274051635707058,,,,,,
cgm_fm_plain_mcr,representation_only,hyperlipidemia,binary_classification,30,0.3794685990338164,0.23508763559713505,0.623816425120773,0.18594451800860126,0.38761214630779844,0.2765455008529361,,,,,,
cgm_fm_plain_mcr,representation_only,obesity,binary_classification,30,0.5972222222222222,0.2610864842602437,0.7049537037037036,0.1744507965541612,0.5500992063492064,0.18792749096069086,,,,,,
cgm_fm_plain_mcr,representation_only,hypoglycemia,binary_classification,30,0.7298611111111111,0.25142245785692025,0.8130902777777779,0.20053316460400178,0.6175595238095238,0.2876503620245674,,,,,,
cgm_fm_plain_mcr,representation_only,tir_non_adherence,binary_classification,30,1.0,0.0,1.0,0.0,1.0,0.0,,,,,,
cgm_fm_plain_mcr,representation_only,hba1c_pct,continuous_regression,30,,,,,,,0.57135657204664,0.13065812247074435,0.48401771619218953,0.12774329576085644,0.5658155863688067,0.29373287329886993
cgm_fm_plain_mcr,representation_only,homa_ir,continuous_regression,30,,,,,,,2.0004975104050264,0.4790124255346316,1.6742450570640484,0.5187947646626907,-0.39487268180652857,1.6117779502060618
cgm_fm_plain_mcr,hybrid_with_cgm_features,diabetes_risk,binary_classification,30,0.7292824074074075,0.23887271043228464,0.8642824074074075,0.124467433306368,0.6251984126984127,0.24097555086018763,,,,,,
cgm_fm_plain_mcr,hybrid_with_cgm_features,insulin_resistance,binary_classification,30,0.761489898989899,0.254614119376236,0.8961363636363635,0.10818799850778407,0.7251606978879707,0.16104367926162846,,,,,,
cgm_fm_plain_mcr,hybrid_with_cgm_features,hyperlipidemia,binary_classification,30,0.27608695652173915,0.19266218939719099,0.5711714975845411,0.1942600394821982,0.20434782608695648,0.20860381988229007,,,,,,
cgm_fm_plain_mcr,hybrid_with_cgm_features,obesity,binary_classification,30,0.6608796296296297,0.2322933678820873,0.7454513888888888,0.1929441260571671,0.6261574074074074,0.21105472244474216,,,,,,
cgm_fm_plain_mcr,hybrid_with_cgm_features,hypoglycemia,binary_classification,30,0.8274305555555556,0.21120903019693166,0.8958449074074073,0.12681946090157423,0.7115079365079365,0.21686680389677235,,,,,,
cgm_fm_plain_mcr,hybrid_with_cgm_features,tir_non_adherence,binary_classification,30,1.0,0.0,1.0,0.0,1.0,0.0,,,,,,
cgm_fm_plain_mcr,hybrid_with_cgm_features,hba1c_pct,continuous_regression,30,,,,,,,0.6410062814296376,0.16868372142154964,0.5432658398103665,0.1618894419925208,0.4404126299183852,0.380326865327225
cgm_fm_plain_mcr,hybrid_with_cgm_features,homa_ir,continuous_regression,30,,,,,,,2.2365762365955426,0.6330041888219613,1.8817179479616568,0.5546063464572687,-0.5859295232437618,1.0449599081850407
cgm_fm_cnn_hybrid,representation_only,diabetes_risk,binary_classification,30,0.7681712962962962,0.2580045438141978,0.8698148148148149,0.1444640225929319,0.3414351851851852,0.38528415028064156,,,,,,
cgm_fm_cnn_hybrid,representation_only,insulin_resistance,binary_classification,30,0.7858585858585859,0.15543580593399442,0.9209595959595958,0.08497592941978961,0.5857634789452972,0.34178601754171495,,,,,,
cgm_fm_cnn_hybrid,representation_only,hyperlipidemia,binary_classification,30,0.4560386473429951,0.2611543444703613,0.6436111111111111,0.21604886837604595,0.4587615283267456,0.3339513842963519,,,,,,
cgm_fm_cnn_hybrid,representation_only,obesity,binary_classification,30,0.49386574074074074,0.21593236676238137,0.6524652777777779,0.19851268787161536,0.45069444444444445,0.24198067718807859,,,,,,
cgm_fm_cnn_hybrid,representation_only,hypoglycemia,binary_classification,30,0.7658564814814816,0.24410682593544666,0.8225694444444445,0.20024188449747163,0.6449404761904761,0.2264736244673209,,,,,,
cgm_fm_cnn_hybrid,representation_only,tir_non_adherence,binary_classification,30,0.9882352941176471,0.04705882352941175,0.9705882352941176,0.11764705882352942,0.17647058823529413,0.3812200410828153,,,,,,
cgm_fm_cnn_hybrid,representation_only,hba1c_pct,continuous_regression,30,,,,,,,0.9975053463009581,0.19446300550648746,0.8586843058626259,0.15965919240834134,-0.1448649892249032,0.24527506424423848
cgm_fm_cnn_hybrid,representation_only,homa_ir,continuous_regression,30,,,,,,,2.0296122883927783,0.5078592813473064,1.699637107258121,0.5187412870377407,-0.13378487319137977,0.2192842387174725
cgm_fm_cnn_hybrid,hybrid_with_cgm_features,diabetes_risk,binary_classification,30,0.7292824074074075,0.23887271043228464,0.8642824074074075,0.124467433306368,0.6251984126984127,0.24097555086018763,,,,,,
cgm_fm_cnn_hybrid,hybrid_with_cgm_features,insulin_resistance,binary_classification,30,0.7433080808080809,0.25119196636015495,0.8928030303030301,0.10604504756012598,0.7213728191000919,0.1613945433988257,,,,,,
cgm_fm_cnn_hybrid,hybrid_with_cgm_features,hyperlipidemia,binary_classification,30,0.2891304347826087,0.2543461630162493,0.5838526570048309,0.2159993952700574,0.20434782608695648,0.20860381988229007,,,,,,
cgm_fm_cnn_hybrid,hybrid_with_cgm_features,obesity,binary_classification,30,0.6608796296296297,0.2322933678820873,0.7454513888888888,0.1929441260571671,0.6261574074074074,0.21105472244474216,,,,,,
cgm_fm_cnn_hybrid,hybrid_with_cgm_features,hypoglycemia,binary_classification,30,0.8274305555555556,0.21120903019693166,0.8958449074074073,0.12681946090157423,0.7115079365079365,0.21686680389677235,,,,,,
cgm_fm_cnn_hybrid,hybrid_with_cgm_features,tir_non_adherence,binary_classification,30,1.0,0.0,1.0,0.0,1.0,0.0,,,,,,
cgm_fm_cnn_hybrid,hybrid_with_cgm_features,hba1c_pct,continuous_regression,30,,,,,,,0.6449124455162278,0.17254249368295743,0.5467421735676475,0.16604930248431193,0.4216629323929688,0.4417323117369154
cgm_fm_cnn_hybrid,hybrid_with_cgm_features,homa_ir,continuous_regression,30,,,,,,,2.2611097667511326,0.6264102738406361,1.9107352213732411,0.5358419819907985,-0.6284601946227827,1.0521832486056955
cgm_jepa_official,representation_only,diabetes_risk,binary_classification,30,0.7476851851851851,0.20608925127831249,0.8763657407407407,0.08540589802137866,0.6811507936507937,0.22404677211969318,,,,,,
cgm_jepa_official,representation_only,insulin_resistance,binary_classification,30,0.8747474747474747,0.14533985552742995,0.9459722222222221,0.06219610461510375,0.7483405483405484,0.13041889431342563,,,,,,
cgm_jepa_official,representation_only,hyperlipidemia,binary_classification,30,0.3293478260869565,0.22434945927245534,0.5971980676328501,0.17475116334126914,0.3242236024844721,0.26240649492021956,,,,,,
cgm_jepa_official,representation_only,obesity,binary_classification,30,0.655787037037037,0.2533671353274934,0.7496296296296295,0.17547458551362843,0.584920634920635,0.22629244429537437,,,,,,
cgm_jepa_official,representation_only,hypoglycemia,binary_classification,30,0.7111111111111111,0.2910067490343465,0.794050925925926,0.2367637211427216,0.5795634920634921,0.2803244232134207,,,,,,
cgm_jepa_official,representation_only,tir_non_adherence,binary_classification,30,1.0,0.0,1.0,0.0,0.8568627450980392,0.16559052808405814,,,,,,
cgm_jepa_official,representation_only,hba1c_pct,continuous_regression,30,,,,,,,0.6585564265597532,0.1518810725561023,0.5608249697206245,0.14968609070918054,0.41618156873422835,0.44676957546371776
cgm_jepa_official,representation_only,homa_ir,continuous_regression,30,,,,,,,2.112422560402279,0.5806377884947344,1.7417127385953597,0.5505746995104366,-0.7072999779804101,2.1123205256277138
cgm_jepa_official,hybrid_with_cgm_features,diabetes_risk,binary_classification,30,0.7292824074074075,0.23887271043228464,0.8642824074074075,0.124467433306368,0.6251984126984127,0.24097555086018763,,,,,,
cgm_jepa_official,hybrid_with_cgm_features,insulin_resistance,binary_classification,30,0.7160353535353535,0.25439312346082926,0.8871969696969696,0.10345836321975226,0.7036960514233243,0.16237501418763428,,,,,,
cgm_jepa_official,hybrid_with_cgm_features,hyperlipidemia,binary_classification,30,0.2886473429951691,0.2294066786529983,0.5624758454106281,0.18890796140289448,0.24399585921325054,0.24926182013386153,,,,,,
cgm_jepa_official,hybrid_with_cgm_features,obesity,binary_classification,30,0.6922453703703703,0.22611318585627133,0.7801157407407407,0.18391131738898428,0.5797949735449736,0.22592321293350814,,,,,,
cgm_jepa_official,hybrid_with_cgm_features,hypoglycemia,binary_classification,30,0.8025462962962964,0.22014205317661947,0.8636689814814815,0.16205151349023872,0.6868055555555556,0.2104304643628094,,,,,,
cgm_jepa_official,hybrid_with_cgm_features,tir_non_adherence,binary_classification,30,1.0,0.0,1.0,0.0,1.0,0.0,,,,,,
cgm_jepa_official,hybrid_with_cgm_features,hba1c_pct,continuous_regression,30,,,,,,,0.6632255922442567,0.20599828987350774,0.5566294543488962,0.1897399244224845,0.36713300609675287,0.5309566831957797
cgm_jepa_official,hybrid_with_cgm_features,homa_ir,continuous_regression,30,,,,,,,2.361120025632959,0.6291661990823074,1.9640379052715886,0.5305792295475671,-0.802299459848949,1.1692559014593766
cgm_classical_biomarkers,biomarkers_alone,diabetes_risk,binary_classification,30,0.6707175925925926,0.22094537567476824,0.8419560185185184,0.11416856691575121,0.6092261904761904,0.2267342174794958,,,,,,
cgm_classical_biomarkers,biomarkers_alone,insulin_resistance,binary_classification,30,0.7148989898989899,0.2502405484907841,0.877651515151515,0.11460258415796787,0.7296700773973502,0.15192184589421434,,,,,,
cgm_classical_biomarkers,biomarkers_alone,hyperlipidemia,binary_classification,30,0.29299516908212564,0.24289538485786535,0.568756038647343,0.2065696825442006,0.21677018633540374,0.22064799107655453,,,,,,
cgm_classical_biomarkers,biomarkers_alone,obesity,binary_classification,30,0.5752314814814815,0.19922031127511616,0.6815162037037036,0.1763601423638586,0.6013558201058201,0.1603882444916816,,,,,,
cgm_classical_biomarkers,biomarkers_alone,hypoglycemia,binary_classification,30,0.8071759259259258,0.21602903067721263,0.8659837962962963,0.16008188127885503,0.7285714285714285,0.2129899092354612,,,,,,
cgm_classical_biomarkers,biomarkers_alone,tir_non_adherence,binary_classification,30,1.0,0.0,1.0,0.0,1.0,0.0,,,,,,
cgm_classical_biomarkers,biomarkers_alone,hba1c_pct,continuous_regression,30,,,,,,,0.6448877534923477,0.17251168767881078,0.5467159015858266,0.16600398964260418,0.4217062963246451,0.44170156748709183
cgm_classical_biomarkers,biomarkers_alone,homa_ir,continuous_regression,30,,,,,,,2.2615503097675584,0.6266376274036809,1.9111514379132357,0.5359438804626678,-0.6293022292138074,1.0528005351911236
clinical_demographics_alone,demographics_alone,diabetes_risk,binary_classification,30,0.7663194444444444,0.20265774050482907,0.8402777777777777,0.17313963759040926,0.8186147186147186,0.13466856386683354,,,,,,
clinical_demographics_alone,demographics_alone,insulin_resistance,binary_classification,30,0.7258838383838385,0.27633385620789547,0.8955934343434343,0.14426008766043624,0.7587957497048404,0.15327494011926457,,,,,,
clinical_demographics_alone,demographics_alone,hyperlipidemia,binary_classification,30,0.49891304347826076,0.29221622843639383,0.6320048309178744,0.23962939879933923,0.5165600100382709,0.29186577100430117,,,,,,
clinical_demographics_alone,demographics_alone,obesity,binary_classification,30,0.9081018518518519,0.1497681607414583,0.9418518518518518,0.09647206181357593,0.7698743386243386,0.17476941328178697,,,,,,
clinical_demographics_alone,demographics_alone,hypoglycemia,binary_classification,30,0.6368055555555555,0.26555910281607253,0.7393055555555555,0.20522474005353533,0.37162698412698414,0.22220158280003546,,,,,,
clinical_demographics_alone,demographics_alone,tir_non_adherence,binary_classification,30,0.7408496732026144,0.21634542279071464,0.611764705882353,0.25222958119566835,0.3372549019607843,0.2746078256365018,,,,,,
